{"cameraMode":{"drawMode":0,"name":"Shaded","section":"Shading Mode"},"sceneLighting":false,"audioPlay":false,"sceneViewState":{"showFog":false,"showMaterialUpdate":false,"showSkybox":false,"showFlares":false,"showImageEffects":false,"showParticleSystems":false},"in2DMode":false,"pivot":{"x":8.928644180297852,"y":1.8003294467926026,"z":13.074254035949707},"rotation":{"x":-0.29296165704727175,"y":0.13249926269054414,"z":-0.04102536663413048,"w":-0.9460193514823914},"size":5.50681734085083,"orthographic":false}