{"cameraMode":{"drawMode":0,"name":"Shaded","section":"Shading Mode"},"sceneLighting":false,"audioPlay":false,"sceneViewState":{"showFog":false,"showMaterialUpdate":false,"showSkybox":false,"showFlares":false,"showImageEffects":false,"showParticleSystems":false},"in2DMode":false,"pivot":{"x":0.0,"y":0.8358873724937439,"z":0.012458637356758118},"rotation":{"x":-0.1573687344789505,"y":0.41424593329429629,"z":-0.07290160655975342,"w":-0.8935232758522034},"size":4.456679821014404,"orthographic":false}