{"cameraMode":{"drawMode":0,"name":"Shaded","section":"Shading Mode"},"sceneLighting":false,"audioPlay":false,"sceneViewState":{"showFog":false,"showMaterialUpdate":false,"showSkybox":false,"showFlares":false,"showImageEffects":false,"showParticleSystems":false},"in2DMode":false,"pivot":{"x":-0.9099771976470947,"y":0.817072868347168,"z":-50.38207244873047},"rotation":{"x":-0.15880347788333894,"y":0.428703635931015,"z":-0.0767747312784195,"w":-0.8860945105552673},"size":4.451586723327637,"orthographic":false}