{"cameraMode":{"drawMode":0,"name":"Shaded","section":"Shading Mode"},"sceneLighting":true,"audioPlay":false,"sceneViewState":{"showFog":false,"showMaterialUpdate":false,"showSkybox":false,"showFlares":false,"showImageEffects":false,"showParticleSystems":false},"in2DMode":false,"pivot":{"x":24.012222290039064,"y":20.6298885345459,"z":-35.98666000366211},"rotation":{"x":-0.22059576213359834,"y":0.3510153889656067,"z":-0.0854133814573288,"w":-0.9060313105583191},"size":7.379024028778076,"orthographic":false}